]애플 아이폰 15 프로 Apple iPhone 15 Pro 미국 직구 자급제폰 - 관세포함,"1,750,000원",https://cr.shopping.naver.com/adcr.nhn?x=YfeV9yHHroZjo%2BY7owpzd%2F%2F%2F%2Fw%3D%3DsiaIdp5BM9YMZZLkBMDE2Tq9KSvMKmZRmFeJiSM409FWCKGgUbZcPwfOGUacqnAzpz2Vo6ZTwMc%2FWfw8LrUCvhpQJUu3Cj1wcxfvPZ1Dq2zXRpVc2xRiUHPPCDor35C84%2B2VVKvyF6Z8tcbuWr4qjK8mscUZuB%2FB3GA4tAdwd4kJn0E%2B7lsL8Xc%2FJzL4VwihdNgvpCSGA5HQNMFfoHIOF5seOVTQr9Yw%2Fz1s8ogHsx2bffisv5tHfoGFh7RH%2BtSaOAFJNLWxG%2Fj2gEfGb7GroeJoTTlUpArCUV5vBENQJNZsu3%2F2qtLxxS76MQKUw2z%2BdV36ogsAbT2GMBHUreotiQNXlbmT3CGQuvfaqJ9eLssAk4JzZ3B0NHnf1kBEoQbidgmcdJrKIPVadS%2FhmPKOFo2O69Jofo6VDG7EtAu0KgcMUgLIcgFLsyp0G1ajAbzOsl0YTnghjupy%2B3h8GiPrCuTaYdINRbYxEKloP7gbHtTxNLzoTdwFIJ%2BRLG0PBp1g0beohcSITsIrYOy0XSyNmJYW8r6LWgCfLQJWlXyzQ01k2IWAinpDwg720zBf8CUKX9J4vRacPwYXP5n13whLLd%2FfUpZWGdIH%2B4xt59UuvPldxbPsSE1E8xVVp18886g%2BexyAhEKTy%2B0Zvtn8oYxIR0Q%3D%3D&nvMid=86788210941&catId=50001519
해외홍콩 홍콩판 아이폰 15 프로맥스 256기가 직구 물리적듀얼심 카메라 무음 자급제,"1,910,000원",https://cr.shopping.naver.com/adcr.nhn?x=is5qQcKQAqsab6tWMhxJQP%2F%2F%2Fw%3D%3DsHnxgGMqaAX86eerGpGhqoTNmslIvmpYRtjK8raRBro8TxFccNvW9DGninDJdIXMkTjpc9Af6kCygHP0sSyK7FZzg6iCRTec6ElWE9S0G6nwaJcytE9rEAstSF8ID9OUmrhNan7Iazvi%2BM4kzJwzX8ES%2BortKzfQDWBF5GV%2FKfqEhJv3ljJo79VVIpj6%2Fm3WOYcBDJoJPcileB2Iqg85aLSfbVDHx40400aNdUWjNjmbL%2Fowdnq7%2Fmfq67OVRzok0S5SJNLgIdS1XFCtZ5GETGOi9lT%2Fs08M6mS%2BaAAjAt5NmsRYgNC9hZ8jYyr08Zksn2HvQrG1q57G6KIPveES%2FyDeJ%2BNp3eZyWPKXY0uGWeosT0kyn06Y4ZqcEUpVFXyfELnoV7wT3di25ZcEMGwKs%2F5YdZ%2B8yHWxEICx%2F292A3E9M21PuTIsfPQ638ciHMdh6N%2BJzY%2F%2BuEiZmZFtGaUfxrMbJO5o6Bn956xMVqEfuzVkkXN01NzPLNgwuV2nj9c1Axrrni8nZos%2BRQsebtP36Xai%2BJk%2B2xnpu42Xyga3Qr88RAQ7xy01RCyK3dYun8mSI05%2FiL3MWsFcTbnjz%2FZLXrVY4M6PyY0EJQB%2Fa63rwt0Et5xOBWgk7R1p%2Bnh%2BJKsZnrQSrcnoHTSMM1QcNhAyifmhopkeKUdu5q4dSKA0zkoA%3D&nvMid=86753225995&catId=50001519
해외아이폰15 프로 프로맥스 무음카메라 미국직구 iPhone Pro Max,"1,690,000원",https://cr.shopping.naver.com/adcr.nhn?x=5z%2Bb3Pb7%2B3Rdghn%2FLCnMvP%2F%2F%2Fw%3D%3DssSTBqZIKFQzShQEpdiW2CqHn4xWv7%2Fc0H1yXzYd6wVzO%2FDWlTF6nNgNIx5PjVlWaHnwpN%2FLYJEjhqAHUn5ljd%2BKFeMIIR1EZpgyXfJ4PqjDEYsaxtu%2FjZ3maIhY0dqBtOTIzKQujCYffDkA7Ny9RlMVIhUTYq2J1wF4XcKD2AOWkOA3ZateG%2FY8eKxwX1E0NPjTGbPLdLtooeEYiQ0SoMHmAXZyKfl6PCIMs3IJ5udNVXemfpmeX70wC2wQT5nyi5pxiwDZPU40LYzhHX%2FcRv2rsZ6fO6YBa94V3rAM%2F7mH13rY2nDhwmVL2MPFOKqSKK98KaIZa4VBE0V5wqYGSTm95PQkx%2B%2B7LLMpA4yre%2FjeMHn7BDBNaqXNmoKbAeTMvRlkvWcmSCSIxdIWwnYlHnH6xg6jGUPLJddpyliRI80mjnBrE9PGR2zEG%2Fkzw%2B51qxI9u%2B93Pz5bjQ98S%2FsZovxwWSKKaww6O8%2BXvmc5kJM74ZI0yn5alUGW2u6yF2nASll5gEaHB429z%2BgfX9PohMCmEzheSrB6vooBgHNaQHme8cb%2Fm4qgRf2lzMaJflD2neWnthx9KKkRZSUHg5rWGo10FNg3s%2BNjv9F%2FfS8a4b4loaKZHilHbuauHUigNM5KA&nvMid=86781665113&catId=50001519
SKT 애플 아이폰15 사전예약/ 프로 맥스 / 기기변경 번호이동/ iphone,"760,000원",https://cr.shopping.naver.com/adcr.nhn?x=hjhvM7ipNhhzKv1r41cdj%2F%2F%2F%2Fw%3D%3Ds3bP1GNbWm%2FCB713J%2F9dhw%2Bb2BeODZGmte%2BGgT7mQzpLO%2FDWlTF6nNgNIx5PjVlWaF8UdptJGZ2CFGN5hzN8pueKFeMIIR1EZpgyXfJ4PqjDEYsaxtu%2FjZ3maIhY0dqBtwYNiToPCY2yQCKKYqIW3OSoejGe%2FkCrm0X5DFNBpMrhZCjV5u87ymW%2BZweLWivgF%2BRd3WuRh%2Fll1uy%2F08T07nrILJ4EPQQLGibYUo%2FSIuEIS2uo0bpoQ6YWqBuU3glLEqwkXVMbwNe%2B45dFaHZqJITVCZ4rdk8hPModxsSdH4jzAkrY43x9sMJj0OJ5tl0FefVURsLAuvetGKidADdoFyVd%2BqILAG09hjAR1K3qLYkBlbxxSpRxkPC4%2FmHwdZOeSteGXmti5zpftZW%2B%2BVw2vK467Eos%2BFAFznJRcit0ZYdOJQWmoRB0uaPdewER6NEQbc8uD1X5dTyCDDjG6TqiL0LTJ66YjJLIgnNNf6ez0jiIHyQkt6V6bsrLXJHJHHajnPPz8jjCQ5tXNCH99sQ5XTuQC4T%2BLCbhSRMaQ9FmNZRvki%2FtFAOPWBVrIGLt1ezdsNiFgIp6Q8IO9tMwX%2FAlCl732uthDvnUIWpCHNwh6B5PwAzZiagu9VObBDe5Oy1zrLuk%2BUtviteg1yLWJga%2FJdAau4fTwOUqyF63FjwpQRls%3D&nvMid=42738375544&catId=50000246
해외아이폰15프로맥스 직구 256GB 블루 홍콩 홍콩판 자급제 공기계 물리듀얼심 카메라무음,"2,054,000원",https://cr.shopping.naver.com/adcr.nhn?x=M9H1VYjZ3BVVoPEFojqwH%2F%2F%2F%2Fw%3D%3Ds4NFMP42%2FSm8MvZlublNiYpRVjLvT4G8FoO%2BMZ7cqIYHO%2FDWlTF6nNgNIx5PjVlWaXSagYBYSIzxCt42hqGNuWOKFeMIIR1EZpgyXfJ4PqjDEYsaxtu%2FjZ3maIhY0dqBtOTIzKQujCYffDkA7Ny9RlMVIhUTYq2J1wF4XcKD2AOWkOA3ZateG%2FY8eKxwX1E0NTG%2FScnMhsMbYMi7i2H84C3mAXZyKfl6PCIMs3IJ5udNVXemfpmeX70wC2wQT5nyi5pxiwDZPU40LYzhHX%2FcRv9FGdzQLdM2PlYSRZo0PTtlDj8D%2Boh3l9dhhphoGAm6DvX82Y5Ils9cLeBDu1LyZB40lRQfDQqYePmCwPVr3P9EUIkt5M0yIil13vZMydQVH6yN3OIB04YBmoyIXbE5wt%2BytLwr3Bf3cJ3r7jtHvFkRbFBSW868lh36%2BkYlRWLPEhT9xCe1gSkL0GnU6xuFp%2BrvGAk%2Fc7Gt9JdGGh3JDrxYJUouLmgFy0PQkMR1k4VSiWHyXlzSM%2FlaB%2BZ%2F7VZEYdKWRfrjtl2OPD36vkxy%2Bn5oEGA7fhfMYh8%2BPPxmUIWQGPNRouOLVBR9bkVCm5wEj0C4nEwEbudwR3LP8hQUkS7D0dWu6WvNKufn2DfqqQPfQanZ9ZE1URu7RByQ1Za%2FLZldznR4EhPC6BI08fc6TT2xWkbDrUFJ2hBG8QaB8WVzn&nvMid=86803536586&catId=50001519
아이폰 15 프로 맥스 256GB [ 자급제 ],"1,833,300원",https://cr.shopping.naver.com/adcr.nhn?x=RdPhEX1%2BMfawAfkCqi1z8v%2F%2F%2Fw%3D%3Dsi2OXo7Sf8bRa280Xv1zEBg0T94p5brN1y4krSqhRkZSCKGgUbZcPwfOGUacqnAzpESXPGAImtXMX25Y1WwMe5JQJUu3Cj1wcxfvPZ1Dq2zXRpVc2xRiUHPPCDor35C84%2B2VVKvyF6Z8tcbuWr4qjK4ZnlrSZr8PDPdBCvs8uWtdeJxHcKH4rYUhc5SxvGs%2FQ7BqZpjLkht0H%2Fy5%2BKyh6%2BiJO7jbxAC%2FhHJnJbE9pD225SET%2FmTh%2Bwr3iKnDGr9FRR7Nj%2Fi7NzWqlUCdCRdJLVaS9FI7cK8IzH6Dg6%2FmGWJIHs%2F2PHkpmvWjL2qy1nHubep0toh3gKUGqIaTru5Pm8icPJBkxNTvap67CMUNoSd1kIptLkhleORsoGb3BUK6Q5dVr3NAMAb6PVe0oCJA5sU96h7w5NOWiAvdjCQKGaOBKsaK6szvgRo5X5XC1HnWy2sR2TF0UQfBK%2FIJXVrCm9x0FDoGwtxN%2B5xJO0sRqQSNFgoaNDH%2B7zjkN8NSaE14Lo64ifB9DVeZ8ffla9GlFduOD7GHPV4xYbA1rKYAdnq61158G0G%2FbB79okAemLglQiA3%2FU2AzguC84AnoS7Lq%2BWcwW1do4%2FxgRlwwIVI%2BmaFO0mX2LH4n%2BdL4BBka1I5r5Hv1T%2FoDPeAT2ZD%2BWCfnsQ%3D%3D&nvMid=42616374622&catId=50001519
아이폰 15 128GB [ 자급제 ],"1,200,000원",https://cr.shopping.naver.com/adcr.nhn?x=8QtrCFTicWW1s37pinUi3P%2F%2F%2Fw%3D%3Dsc3egWUcj%2FNnOwPBMLWne0hWXqOR2091CdIfZHc6XjeQTxFccNvW9DGninDJdIXMk2lccaqC1sENX6xgP0kJCypzg6iCRTec6ElWE9S0G6nwaJcytE9rEAstSF8ID9OUmrhNan7Iazvi%2BM4kzJwzX8N9%2BKy%2Fm0d%2BgYWHtEf61Jo5CNclKwvLyA%2Fys%2F%2FHPPajL30502cs2AXDXGVjDEe83DGNmcbgLr0lu2cCLGgyX7c9vsepmwRk8o%2FCB4DgHhnjVM0t8UNbQEU7DHCFdyEGupfziKuqi6lvlwe2gIVAf2UAlXTdy6Sn%2F2yromYu89VyU3Gmi7DByI0kzlQgqq6bbp%2FEOkkyiC2BGOKBcD0SPRiRXfqiCwBtPYYwEdSt6i2JAhrJWuMloJMJ9%2FgnH6VIfgu7qP31Xt3NfSF5zs%2BvNXboEc05LTibBt%2FawtKKLwCqnNRC9g9LJbjgwgvhxMtHFbkYC72uBaR0Z2Y4XR8e2r67yNHyBUXwWVD2ki0TxnNzyRv8bcFP%2FOpgt7NCh88mSHJGcpl4Ij3iDdr%2Bngium1OxicchwRNwmJ84TyxvjggzFh6FB97sMfhzRW86Myf2OoUPg7Lit4d3ISgO5JEJ3l9HHICEQpPL7Rm%2B2fyhjEhHR&nvMid=42616882618&catId=50001519
해외아이폰15프로 직구 128GB 홍콩 홍콩판 블루 물리듀얼심 카메라무음 자급제 공기계,"1,668,000원",https://cr.shopping.naver.com/adcr.nhn?x=vXK%2FvlVI%2F7nZQYk5ObCXqv%2F%2F%2Fw%3D%3DsdBF3n0cgPypxAEHzc86AbXbaU0FjO1IuayHAPzHv7zeCKGgUbZcPwfOGUacqnAzpObkTxa8SO06P0VILflXgQxA1wSCQ2waErdoEnP07rynRpVc2xRiUHPPCDor35C84%2B2VVKvyF6Z8tcbuWr4qjK8mscUZuB%2FB3GA4tAdwd4kJn0E%2B7lsL8Xc%2FJzL4VwihdK0Wdru7Xg4SfjVNMrUJwmseOVTQr9Yw%2Fz1s8ogHsx2bffisv5tHfoGFh7RH%2BtSaOAFJNLWxG%2Fj2gEfGb7GroeGsVvjsh557iDTcjfJRf7xC4RbAgFoszKpHLeaYrjhj9V36ogsAbT2GMBHUreotiQOqg3EloXW%2BFQvoASU6wbp0R688w%2FTTUxV8mVFx00R3jLd6fGM1gF2Od67cx3cCNiyHDcas4%2FB6VO7GRcSU2EOy8DknXNB%2BRJGz7%2FKkMbzH6xNTDzqtIrZuF9bYDMvsJFL%2FMLqCsNIa10Jx3fNV981eY%2B3vO8Ssa6%2BH0n6u4o%2BPrSjzqoFlby4Ly9BKy0F5rRaWRfrjtl2OPD36vkxy%2Bn5rXY2rriXyD3X1MM0awFk1cPNRouOLVBR9bkVCm5wEj0C4nEwEbudwR3LP8hQUkS7CXXqXfD7oKJNwrl4JMHfImTDtBqe5pWXbAIYUIVNYpVldznR4EhPC6BI08fc6TT2xWkbDrUFJ2hBG8QaB8WVzn&nvMid=86753967273&catId=50001519
해외아이폰 15 PRO 프로 128기가 자급제 홍콩,"1,959,000원",https://cr.shopping.naver.com/adcr.nhn?x=TYyCW%2Bkprr0WRJYfNvbrNv%2F%2F%2Fw%3D%3DsXYrGW6LEAtao04K3MvXMEgZJlqxZxSwDUuROw1ibZpOCKGgUbZcPwfOGUacqnAzpl5xp8MyDCMkrhlFTjjH7zSqqBabmFTWWKfGa7Eepug7RpVc2xRiUHPPCDor35C84%2B2VVKvyF6Z8tcbuWr4qjK8mscUZuB%2FB3GA4tAdwd4kJn0E%2B7lsL8Xc%2FJzL4Vwihd1V042Am%2F1YyUFLWNF6SkyseOVTQr9Yw%2Fz1s8ogHsx2bffisv5tHfoGFh7RH%2BtSaOAFJNLWxG%2Fj2gEfGb7GroeG%2FJ5kix6%2FwvgEsRp0LPY6EO8j3sz%2FfRvgs2GAZkMY2sf5S5ycDGuwbfEdv1A6kKwtKgRF7nJaRGsqtYxUuLzTmlAt2cOEV%2F4TrBdaCdtzLo7R8POR7InpWRs%2BmMC1Rhnraqe%2BhZmKkFrudqYqqFU0tr26%2Fr7U5fZsQD2tbBDYHCTjw7bT05rmLnWnZzu1WlDdP28H5CTptk22gzoAlI5KToER8I9TCegH7MiazxFPqtdH0g2z1mnGI56RXn%2BRsxcZ1%2Fnyqwl8mzdnhYXISlHe7B%2F%2FQU%2Fij55PzWtbkby5zHa6LhYmNlEsZFUkYa5reenA4SwcLvxUEucVmH%2BcOht40%3D&nvMid=84737368813&catId=50001519
아이폰 13 미니 128GB [자급제],"949,990원",https://cr.shopping.naver.com/adcr.nhn?x=WUZA%2BCmwITC6arCpCe0tSv%2F%2F%2Fw%3D%3DsqDwvaLtWNbeacw9VYM1KNDAmbvv9CSRZySphbEf9n%2FKCKGgUbZcPwfOGUacqnAzp82Qf2n0RxlibE0RZ3kRuJJQJUu3Cj1wcxfvPZ1Dq2zXRpVc2xRiUHPPCDor35C84%2B2VVKvyF6Z8tcbuWr4qjK4ZnlrSZr8PDPdBCvs8uWtdeJxHcKH4rYUhc5SxvGs%2FQdLXJw816spD1TnVZPVLHLiJO7jbxAC%2FhHJnJbE9pD225SET%2FmTh%2Bwr3iKnDGr9FRR7Nj%2Fi7NzWqlUCdCRdJLVaS9FI7cK8IzH6Dg6%2FmGWJIHs%2F2PHkpmvWjL2qy1nHubMcVviw3DVWgf0lXHkLjpTU9kkc1PgZon4GO%2BFc1lcVBkIptLkhleORsoGb3BUK6Qk7A%2FO6d9%2F96zm7%2FMwASq2Z3VVKA%2BlpzCyyh%2Fw7e%2F6b5KsaK6szvgRo5X5XC1HnWyi3Qtkfn1hMkL8tyo3kAsI4dxqfPF7HpuhS813AIGS6D1JtnyFV8OD7Bngtl8x0Qvfm8I4%2BLwqxkEirhSi8uz%2FBfwF3woEz%2BYTFsKFcpSZeTC0hiHfmfzmAI0X1cC502KYX%2BM1FAz4mN7L2fGUTypAqZ2stbomcaAFIjeFvHNi7HzNzRW%2F3eKQ2vP%2F8MKY%2BLmBq7h9PA5SrIXrcWPClBGWw%3D%3D&nvMid=29030650586&catId=50001519
해외홍콩 홍콩판 아이폰 15 프로 128기가 자급제 직구 무음 카메라 물리적 듀얼심,"1,620,000원",https://cr.shopping.naver.com/adcr.nhn?x=onIjm6jziIQcIrnNj5qqk%2F%2F%2F%2Fw%3D%3Ds1LnEisqn%2BjZq679RlgLxShjB21i%2FoEBfNcGlN3JE0rjO%2FDWlTF6nNgNIx5PjVlWaZm%2FBjeE7mblqoBSYioZ2PuKFeMIIR1EZpgyXfJ4PqjDEYsaxtu%2FjZ3maIhY0dqBtOTIzKQujCYffDkA7Ny9RlMVIhUTYq2J1wF4XcKD2AOWkOA3ZateG%2FY8eKxwX1E0NqvYAHrtbYoHHoDyaFNsrZ3mAXZyKfl6PCIMs3IJ5udNVXemfpmeX70wC2wQT5nyi5pxiwDZPU40LYzhHX%2FcRv55JbFi%2Ba27%2FOG%2F8heY7XG2yK1Myx7KIo7oYOIK2FsWTK98KaIZa4VBE0V5wqYGSTstHge1d5gGohhZPLnIWwxuMHn7BDBNaqXNmoKbAeTMv%2FMMpcrNCpoiN5tRBFNwSAaTQNqx1K0hZGKQdQ1xjSOQlBzZFRY428hzExIGKbTZVScC7e2Phs8usW0kzrGclAgZ4OTcTYNr7LXF0zUR3rNqqMR%2BntF1W6ufA40c7v%2FoeLwU5kQmsMvjluTvdG4%2FNmkKH88YeD8CfeEM2%2BGxIkF7Lh84t3SaoysCTITn85HI%2FRx1CV5i08%2B2%2F%2BhfYspEiBQAveoGvGjQBG2jScIx%2BC2eqqW0SIE6y91%2Fhvbf6lonSq6lNxKwHhwx8OAgiKNYYtEHQIiXcF4qwUXZ2sX76wW8%3D&nvMid=86753148269&catId=50001519
해외호주직구) 아이폰15 프로 IPHONE 15 PRO,"1,731,000원",https://cr.shopping.naver.com/adcr.nhn?x=kGMIK2qLaNcErSFvSBnE3%2F%2F%2F%2Fw%3D%3DsYbCqrzyapmHwWwc5Wld16ebeOfb5F%2BPOty%2BsAgizabeFS6CHdsg7eoowxAxehdpeNElL1XuJTKOIuwbNMkrE%2FESe5oXnXO4mYEHy%2BseqRLdKJN9MiMG4m%2F7ZwTCd1W3QhfWata%2BtKgWbGjKeJnlp5mFEV98CfAwi%2FgpsOD1fQ6COUOS%2F%2F5RAZdkeLCYO%2FQhcZ71bThFSHJitFjxa%2FhmBygdU9KUbt7KJDGHMCnRDuwi54J8UO7LDGXdPU9Do8oyMXmq0wb8nQ9S1CNyVqQgAyB5107Lo9%2F3%2B0hZCepN1ylfj%2FxkM%2BB%2F22CRDDWl9arEtuQ8sOpLxpxejIsuUDmRkDcaC4aEDKo0FGuhJ59p7t7bZ%2B03rOUhFPzQPKg4yGG7nVuWPeyPNJlu0DZ2VrNe2oruY3NPBaIvBuDxQ9FbuDOwM1wynhVNBftVKrKDtYCaZ%2BGCXr%2B0Qxg8%2FaU2%2FelrQ%2FoE%2BR3I3Tbwkr9bSqgIPxPprWNLxRrWHCJoudYzHCivGOF58%2FKP%2BGVNJoKvmrHHYeJpkVoo76AMaz2AtDIHwbyfVN47HCALnPM8xOalqWqmCaGimR4pR27mrh1IoDTOSgA%3D%3D&nvMid=86757849484&catId=50000250
해외애플 아이폰15 PRO / iPhone15 PRO MAX / 홍콩내수용버전/한글지원/관부가세미포함,"1,784,630원",https://cr.shopping.naver.com/adcr.nhn?x=HrjFUxX5SpGPBKqyc%2FzJKf%2F%2F%2Fw%3D%3Ds%2F%2Fdg2yTFgR5N2%2FEUgQjjGwi0c2XEpXv4m%2Bqt7B5ArkcTxFccNvW9DGninDJdIXMkRP3zZnjlb7RcC0RS6hZtI5zg6iCRTec6ElWE9S0G6nwaJcytE9rEAstSF8ID9OUmD5zKo1YWol2WQL2yaJwU5Fi393%2FfVqWWsor6vo8eno%2BO%2FsdgQE5FIA0Tw1QMogpFgJVhNbrKFzB%2FqsGXLADIWrUX%2F6hfgb6Q%2BVOhabK1L%2B31W5TOAdAgHETCxGEVmc0UpL0UjtwrwjMfoODr%2BYZYkgez%2FY8eSma9aMvarLWce5sbbmcit0KJQY9RhbA8RzPebGwBJc0nem10jBeTkjshwpSqpUqVwytEfwE33R4FuWVcM6f5QeFjVP7Q1Vk7QacmGxg%2BdfWuRweeQquoN3StHNTfi%2FvGZjNDcfG6Nupxf6i%2BkmZYMta8DBKW3G9MsdsomA7DETjsHWML62xR7Ne06RH3sxG7838MNSZB0dO%2BkIXXQGlLTAM6N96%2BRHTGEC3TVmh58gNZ7TL123YPRMYqgKZ07E5E8sAqBbYVAuXaYtbAYq0YGA%2FQXvYguiUUl84tnULba6%2B2ByPFBSNVWf7St3R9INs9ZpxiOekV5%2FkbMXGAd9Tojqs6sn5FmpfuD6mZ800aDnu7YPXBnGLJB6nwh1aFndIwdNwuWmKtx1HNSCrUkiyUGZ3FpPHvE7X48%2Bhb&nvMid=42815412198&catId=50001519
해외미국판 아이폰15 프로 128GB 무음카메라 관부가세포함,"1,589,000원",https://cr.shopping.naver.com/adcr.nhn?x=z5Yc0kq%2Bl01bWbwIpwJD9%2F%2F%2F%2Fw%3D%3DsSruMVSw1JaEut9iOPUdygJLwYT85Qcjz7BwpAxeRZj0TxFccNvW9DGninDJdIXMkxtEOQ1UKbWVmQ1Tk7qdQrpzg6iCRTec6ElWE9S0G6nwaJcytE9rEAstSF8ID9OUmrhNan7Iazvi%2BM4kzJwzX8ES%2BortKzfQDWBF5GV%2FKfqEhJv3ljJo79VVIpj6%2Fm3WOaOoA0J3CTUBT2yKGdCTTTSfbVDHx40400aNdUWjNjmbL%2Fowdnq7%2Fmfq67OVRzok0S5SJNLgIdS1XFCtZ5GETGEcdHTc4cXrZQYL4OTP1cUlI4V5uGk41YLlXmvMMsCQrymYwErwcOPjJtpq8DgRnmZBNilp8bLqslWdjX%2BVghZ%2FdcKGS8K3v9HOi3wvF0Lzm4KJDGPdap0m8nlNNzoTwNPOK5QnupR6lItDPzFLKv%2Bn2Et%2FexMEBACKIje0vVGHvQSP1ZnsMEbJBqcbIrxtu46Z07E5E8sAqBbYVAuXaYtYlJWG31AaQt3ZQ8e%2B9xj1pDAmQGL2lISguBpzPNbaHEz1cz068bJRyD7Mw%2F1WHvv6y1qdzbLmefolFaJp3ZaNt1D47Yi6KMvh9NNorFq7j1g8ZiMUdOhjNYJGjxo6XpysOEsHC78VBLnFZh%2FnDobeN&nvMid=82219951858&catId=50000250
애플 SK기기변경 APPLE 아이폰15 프로 256GB 선택요금제적용 선택약정,"1,592,360원",https://cr.shopping.naver.com/adcr.nhn?x=4Rr9XtXiHcCNeClXDmIxP%2F%2F%2F%2Fw%3D%3DsBX%2BcGakmgtNh3byHCgIzCkWKs4zS6PTioRxY702g6o0TxFccNvW9DGninDJdIXMkELOMsYggwfAAPBgEaNUxYJzg6iCRTec6ElWE9S0G6nwaJcytE9rEAstSF8ID9OUmrhNan7Iazvi%2BM4kzJwzX8EuRuCra0V6kWdISE25kd8EU12NxUMs%2FDTuPArVRItyQ4o8iBI4sFLhNE4pY%2Fx3YPiZ98ml9r3GFHaCl%2FwNgw1TqaNa8xd%2BDG7K402u94l3vypPajD6yKnwusQqEpnlTc5S1yd62COp7ZloUf5Z0DGS%2BRSsulxzuZh91kr9PDkB2Dh3WoCJItwHgDyhaVstP5auKWQN4b7WstTXVRp4V%2Fd2Kx7G3krbJiQXzryuwwOqJ5mdJMp01sqKmUrLFfBwwhRdUFktYLFixJOrV0Lf8oTFdrU9gBvTOY8XVxGgpGxxd4rNT67Z6huCl2wBuqoZAjBpJHhiOEjuGfT1xR%2BjlBIdlaWzZofrCsNuIEt8MMUtYjU9SXZseR4ivrOWsTRxlaVb%2BSVwuR1e36NzFdI0tQjY0tEV0CZGIkZaAcVvieu%2FBA%2B61BpMWiuWfKpq5t31CrAnxyrw81pBHGn5mPJuwNXAGcC3F6%2Bl00k7mFZu%2B%2BxWevm3YF31RX9jMrX7Ujsr2g9YI5btKntiRVSMGH5%2FOZ80aIbT4wPT2RVq4kndhIVrUjNfQItvmxbuB8Ar0hgk%2FMZPMvQMCtnyyL2W%2FAuNW9x6FbDf4gHI5rSMJU1BWcIOg&nvMid=42889816752&catId=50000246
[아이폰] 애플 아이폰15플러스 256GB 미개통/미개봉/새제품,"1,496,000원",https://cr.shopping.naver.com/adcr.nhn?x=QVy1hCQoYQyHKanAZZ%2B2hP%2F%2F%2Fw%3D%3Ds0Uj3NPCWjjqc8im4O7sbfrUDOXxHUgLULIExj31kCjwTxFccNvW9DGninDJdIXMk1BIt1Ga6bdV1ZsdYSHad1Jzg6iCRTec6ElWE9S0G6nwaJcytE9rEAstSF8ID9OUmrhNan7Iazvi%2BM4kzJwzX8MQfcp7YXkf%2Fu%2FXnNGbHLRRWR7fx5yQI121h3YIs%2BgYPxrgbkemE%2B9flQGh4zPwRSeGXaoj%2BpZeuESWVnHGLXIY8i69bXaXJtrGo40fC7kW%2BqC6IfftJ1ok4TummOzGU7jPy586KpnX1RDaFmXT3XdSrilkDeG%2B1rLU11UaeFf3disext5K2yYkF868rsMDqiVnPb%2BphkN1jVxVBXcySmqBp1gW1Z4ixD4lvgta8LghDx72P1MzfeDsyK%2BcBtz34gJXMtDghN7PJUfNIhx1Figb9IQ18Zm4kCNlpn1wCFc2MH5rWXXtYasaxtbD1PkSXAixZGCsjRrdvBtIgJWtAMZn22MVwHBum6RINsszn5VL2nhDlC%2Bgdwn6S%2Fu%2B%2BkKaUtikA57yjUXTNonU%2FflqC%2ByZ0dunJl8oHqblqcTe7zMNNVzjEHna8eHJLeWVHCN027JKI%2FIO6czvhOZZpHalUtlA2IWAinpDwg720zBf8CUKXz3AqTamBibuhsj8iUobXRtDEjMPeNyE6owtFfMuiGUpOkh80%2B%2ByyMfDKvQeOqCLfHRyPBWbUFRhWScTsgQynPg%3D%3D&nvMid=42992665627&catId=50001519
[미개봉] 아이폰15/프로 사전예약 10/12일까지 추가100대 진행중,"590,000원",https://cr.shopping.naver.com/adcr.nhn?x=pJtXoG7U0axDU1YUe1zZR%2F%2F%2F%2Fw%3D%3Ds3AKf7XDQdD%2BmoAHnBuIzAxXfVcYGyOm4kRBcRJhRBmUTxFccNvW9DGninDJdIXMk3p5zfj5Vcl3cCEQyp7BM%2BZzg6iCRTec6ElWE9S0G6nwaJcytE9rEAstSF8ID9OUmrhNan7Iazvi%2BM4kzJwzX8MRgppTgDoU2VYRGnWR4iC%2FQ%2B8hZa9ARhtUBUMbrPKIMap%2FmbfJPfx0s9ylPOb65L2eXBjNpDyxcY307k3u68USvanuEcIcNm1K9N2oCY6HVQ%2BD%2Fo9glb0ukJK6bM8miKArsK1DNlYuW6vX8WB7j4SmLx49IKJgx3JBVcu6bXwusKrawvQgz7ePHeqFaaEmCPFw1k3kUXjomqDt8NY2PkJo7xcu9LpUBTO6jGtIuL8BseM4wlnDouFnJiTs4crCV6L2ZKG6Zp18EIg5pdtbl4VhBrp518LO9holo0Pc90VwmavEskHLc%2FmkJjmh2azgBVlOJnh81sMwG4Rs0UpQbaVPuv3HwFyL7zqfvWpoRXMZIzQ%2B9czaRAKJTEFXOulEcwSd4Mn0DfvgsLsMCfiLX%2BBWDeek8bynFq2NKx89zwMwPy9O26Di8KMS%2BiGo7JDPn2Uh8cDcCs6YPC5PecsiIeZJfyAbE2fWD1rErOkYwvyHjzY6of2Xpggjm6A4Z8HgJhg%3D%3D&nvMid=42677523925&catId=50000248
애플 KT 아이폰15 사전예약 에어팟프로2 사은품증정 iphone15,"950,000원",https://cr.shopping.naver.com/adcr.nhn?x=WTsuVUjKKpvKX2sYXdNInf%2F%2F%2Fw%3D%3DsHoaJO6bamZ3a%2F3Rszll76%2B8Iqykx1Xyhmdpmds29vDjO%2FDWlTF6nNgNIx5PjVlWarhfzhuDSQU5jo3I4F6A0UOKFeMIIR1EZpgyXfJ4PqjDEYsaxtu%2FjZ3maIhY0dqBtCg7orpulwAnuh5Vx6BuKzb%2Fgzjs3ZMj68ozxrVNKBpie7Oz%2FlOz%2BN2Dimowiv1fgM9u416N630yG6nxt8upC8iw4mhiEHTOYeSAzj%2Bcat2grIvV0FbD1Mbaev5NvUnDN5%2FV3PgXAvIuUseM1FTYeTfpFLJ0woLp1r3aHmPiKQe85OGMvpIOY7okKZuUlFFb%2BgGwmPNX%2Fe%2BXkuZ30duRQYj%2FN1gL%2FBgCKENDMCz1nm%2F2aDWtJ3ns320EEc3oDYoElT5VW%2FMGSBkp0BKHxHFYnB5Ydk%2Fi50Il3jwksIoNvmiRPHhMnqPn1llrM%2BU3e8CK5qwbK%2BNLjghCocGW4o4m5sIhGME013CoQ7y2Ba68sujJa0cfdhqiipek%2FEjLGmHnFNgvI%2FNZyn%2Bq%2Bg7esLoM3TP0JNv1rOYYgcrv36DU1jMaAQfhwWklehC3U16dEds3jfYHEvphLHBSsYXyNsAD%2FKUfm8bhjF2SBS9%2FkOYGRzdcugiDh5S8n%2B7Rc0MeNuzgdu%2FZ8jfaBoNmLa4%2FEVy0u5%2FNx1OMtNiozl1LJqKr9V3jke%2FVP%2BgM94BPZkP5YJ%2Bex&nvMid=42799049154&catId=50000247
Apple 정품 아이폰 15 Pro 자급제 블랙티타늄 128GB A3102,"1,550,000원",https://cr.shopping.naver.com/adcr.nhn?x=Yaj%2BbQQG4H5bEBZm%2B4piev%2F%2F%2Fw%3D%3Dsus6c0hR3d44EyYXs1gyfrOdaPYxWXzWD0yKvro65xHLO%2FDWlTF6nNgNIx5PjVlWafrPaEXAKoaUsYPgets6lweKFeMIIR1EZpgyXfJ4PqjDEYsaxtu%2FjZ3maIhY0dqBtzdicTRNYBrRMUgUvYp0fx26IdemuhMaRXNFs4t7grWz%2BdsI0oBV0GFufH9Q6MaoxHiKw3CW4Dq84MUZ%2By3GhzKePZV9IdtCwdKET%2BLIkKsPiQC6fXaRdPqIahri5oopLA8tQ7EQwkWDnWCh4SZ1yNuiEGRrfF6fH9WTO05QhlcvOGoHP65xxZy0ixMEL7YAMKGQKUfF8sLYmPv56e1ldIPziKuqi6lvlwe2gIVAf2UAlXTdy6Sn%2F2yromYu89VyU%2BVthtYp5GA5TvA5gY1Z3I7WcXCBBQl6Bh3qDb%2BiCFfhXfqiCwBtPYYwEdSt6i2JAFO%2BlgI255JuajlV0K98qt2tIJAdpeqTbhXjNHv4gkXyu98WLnorGiotJYxgKVbEBBw0aGTBpnSY3kiDYL8LRFYrIagG%2BQBFvlc7ZsA02qb7FhzJH16QRsKw3OVGb%2B%2FbdGmGCxBcJmDRDoOolK4YFUhZ5M0n7ntRnuxLyGn1EOHdPsXj%2BeWGNYdTIgbJdfGjk05%2FiL3MWsFcTbnjz%2FZLXrcpFoxNxGf1qWn69mGQZs8iQzomOte1NQjrdzm2M%2F3u7%2F8T91BrL6gGlaAlcdrD1V0HQIiXcF4qwUXZ2sX76wW8%3D&nvMid=43045057513&catId=50001519
KT 신규 번이 기변 아이폰15 플러스 프로 당일발송,"783,000원",https://cr.shopping.naver.com/adcr.nhn?x=tzjw7G0C%2FBVJx5pEYXJ%2Bzf%2F%2F%2Fw%3D%3DsSnOg1LzT6c321nvwQTkiGUOshWfUDIS2x1Fq%2F4vadBwTxFccNvW9DGninDJdIXMkjYpAUd%2FJ5SkX230nt2%2Bq0pzg6iCRTec6ElWE9S0G6nwaJcytE9rEAstSF8ID9OUmrhNan7Iazvi%2BM4kzJwzX8PAfELC7G0qkd7N2WEQa4S6jGJVJDMGFMNzS3LuIAkRhx%2FzBoHho%2Fiu77ZRnzgoV6nP9LlzBjmsWunUJ54ksO1v5Jp%2FQZlY1SWFZZJUJn57m3nZ0AFhD38ocTR71xlgnjkS%2FVY1E47PEFnQG7tXwBPCL59PRW3yUfFEFl9j%2FyJbYvqJ8QzTDANGpr6pmaoFHI1YQ%2BEj%2FTHKCxAbNXDDJmtak6v2w9jBqMGR4TTsgYaQnlII%2ByYYqWVu3SSXxcjEJdOewdJhaOyDtYhSSQA8DlwxI259ihPEj0poATUqjXbOBWFcWbox6jK0Ge1c84MSJSXWC6m2WXjijCA0indGh8gk7EmO9HzL7uYCXwpu9sU%2FpRahXPxKo3TW%2Bzkfi1xDqVo%2B33QhIVYUj0chLBr6Lo6EwiABwhTVS6DPN2KVHl1intwndEBK4O8HcXMNK14wM%2BoHybT9HhSkLZbOumG%2BYDcYtKnO7%2F2legsoBpBZDj9JiLoIg4eUvJ%2Fu0XNDHjbs4HUPxFqDW9CCMNkaAaPA8YphtPFd129wkoy%2F5sPQ9ZU%2FraGimR4pR27mrh1IoDTOSgA%3D%3D&nvMid=29052944716&catId=50000247
해외애플 아이폰15 128GB 블루 홍콩판 듀얼심 자급제 공기계,"1,323,000원",https://cr.shopping.naver.com/adcr.nhn?x=%2BFTxoQdlVoCQ9NZwU3Behv%2F%2F%2Fw%3D%3DsfYoN%2Bh8t4nGY%2BLJAu1PyA96hJYh%2FvOntHrK2p7dXhycTxFccNvW9DGninDJdIXMk0LRTF5YI0j9148aRiy14VZzg6iCRTec6ElWE9S0G6nwaJcytE9rEAstSF8ID9OUmrhNan7Iazvi%2BM4kzJwzX8ES%2BortKzfQDWBF5GV%2FKfqEhJv3ljJo79VVIpj6%2Fm3WOdVSyI9%2BAMAUZ2zstFXR%2FvifbVDHx40400aNdUWjNjmbL%2Fowdnq7%2Fmfq67OVRzok0S5SJNLgIdS1XFCtZ5GETGIIDwVopLozalK2URYD1NnJ832ixdaRZgNbi2a7pwJEkDG4evy%2BM13j64UYOnhTyGYPO%2BmDJRP8j2TwokiKaw69uCX7qfKw3uLKVJPL7EEChzgKInaGsHN%2BzcOI5%2BwOSJXQ8IFN93DRMOX9oQMSr%2F9DStz5ThO0%2FQH52q4j%2B08xhFUW262%2FUJCOP%2F3NWi6I16hwMRUrdeCZTnnO1zHfwvCm56zokHmuFY0cfiTehx%2BIfKqohHlzOnkzb6JHdhihMMbEKHCxBhmtMLJXh3NqRZK3vct32sv8xTYGnfeQXaFp2D3V8HUCA3B%2FXwF5aWe%2B%2B%2BWsZ9bmGRyrFC8P%2FjoR5p2bLVWGr8fvvH1mWvUgXPK6j&nvMid=86754027004&catId=50001519
애플 [사전예약]SK기기변경 애플 아이폰15 프로 맥스 256GB 요금제자유선택 선택약정,"1,778,480원",https://cr.shopping.naver.com/adcr.nhn?x=Vf%2Bhm9qjTMEWL6cxes4gJP%2F%2F%2Fw%3D%3DsuDqPevbjo0skE%2F%2BRNfgT4ykzNPa4LMlKYx%2FbxMhJIkcTxFccNvW9DGninDJdIXMkg5Ph4hCyIoVXJ4pqb3SLY5zg6iCRTec6ElWE9S0G6nwaJcytE9rEAstSF8ID9OUmrhNan7Iazvi%2BM4kzJwzX8EuRuCra0V6kWdISE25kd8EU12NxUMs%2FDTuPArVRItyQOxnRQ5O1TKJ%2BDKl0K6hfBCqlqR%2BQRZiz5ZQ0Urshc0%2FrHHf05gBZK8wJgtn%2FJqhrypPajD6yKnwusQqEpnlTc5S1yd62COp7ZloUf5Z0DGS%2BRSsulxzuZh91kr9PDkB2Dh3WoCJItwHgDyhaVstP5auKWQN4b7WstTXVRp4V%2Fd2Kx7G3krbJiQXzryuwwOqJLV%2FsLnlqFm4hSB%2FH2Kzk4r7w8vLKhd7UggG1ZfjG6P1drU9gBvTOY8XVxGgpGxxd4rNT67Z6huCl2wBuqoZAjJke0CCvOtiASQ5pbrFhbuQZm97YB0aePECci1YxyJkLjBZyzid3B9vKu6MdapuxHd6gQz5sIGoR8lUbmvDylvQCa0MhKbJwFZ329JQ3JmfbHQUOgbC3E37nEk7SxGpBIz8l65jh%2B1EMLiTNdahkfsuaM21T20mYiIDIXMXy2Rex9stA%2FsXlhn%2FhwniYaIr2giTO8eF4YhRhlhwSL5jPP4aqHve8uriNo3Apjcz5VV2RwpHdgqUP2oYCXqBf0e9k7ofxsPSTPswgbW9MA34GyAD%2BNjqg%2FwSgCWhrgvlwFOLnVoWd0jB03C5aYq3HUc1IKtSSLJQZncWk8e8Ttfjz6Fs%3D&nvMid=42889802267&catId=50000246
아이폰 15 프로 256GB [ 자급제 ],"1,575,420원",https://cr.shopping.naver.com/adcr.nhn?x=aIz2vOe2At6ofgQxL%2FcmBf%2F%2F%2Fw%3D%3DsW81LjFNpzp4xAhIshRYlgSPKnvyP3b%2FnikbLWVL153ATxFccNvW9DGninDJdIXMkdXqSKBV7kaDM876D%2B4Q845zg6iCRTec6ElWE9S0G6nwaJcytE9rEAstSF8ID9OUmrhNan7Iazvi%2BM4kzJwzX8N9%2BKy%2Fm0d%2BgYWHtEf61Jo5CNclKwvLyA%2Fys%2F%2FHPPajLfjx6NhfiRK4CjujZvGvZXGNmcbgLr0lu2cCLGgyX7c9vsepmwRk8o%2FCB4DgHhnjVM0t8UNbQEU7DHCFdyEGupfziKuqi6lvlwe2gIVAf2UAlXTdy6Sn%2F2yromYu89VyUOOn19K1vaBJ%2BYysC13smvDzOB85EmCcdmoqdHMPcXItXfqiCwBtPYYwEdSt6i2JAuLsJvYdaFCiYhU1r3drioHtDZ0YgASbTQ2H1MsH5zfEEc05LTibBt%2FawtKKLwCqn3wX6r9OXqwjbRgE6Z4hFZcJZxbZqPzaWcTLdc%2FLE7qjk2BLcbO8TS1q%2FIby4aOgc4tMil368FtKyKctjdNHRyXUMKdUo%2Fb%2FJKPLIXJeNY%2FjC0hiHfmfzmAI0X1cC502KsG%2BPIO2jVdbuiDDcVBrOTCELdRSBd2d0V4K8jrYaLX%2BLWDaYvla7RNqwFYEuw6tpQdAiJdwXirBRdnaxfvrBbw%3D%3D&nvMid=42617437619&catId=50001519
아이폰 15 프로 128GB [ 자급제 ],"1,472,500원",https://cr.shopping.naver.com/adcr.nhn?x=AJ%2FGTUFOoMdsy2UVUHneKP%2F%2F%2Fw%3D%3DstIKtoVzxdaPTWvv76KOFIiviuOIYdD7UUV%2BLDgqMBiPO%2FDWlTF6nNgNIx5PjVlWaTjI3gzFIfDU%2FTNFuXOfhbuKFeMIIR1EZpgyXfJ4PqjDEYsaxtu%2FjZ3maIhY0dqBtuKT%2B52uQ6qmnKNwzObMvNMv%2BjB2erv%2BZ%2Brrs5VHOiTQgGE7%2BZatKjf5hEf1XctkKmpyflyWELnIeeRT1ANoeDZbkCnZt3PKDnGtnPfTpWXUcKlvnI%2BcrXh44xDZyoRd2x45VNCv1jD%2FPWzyiAezHZt9%2BKy%2Fm0d%2BgYWHtEf61Jo4AUk0tbEb%2BPaAR8Zvsauh4VQydV3NjNywx%2FulPD57dHGK41SRGftqs%2F%2F1O9vvvRbIMbh6%2FL4zXePrhRg6eFPIZhG9ORtrnUFl4xDz20MeBej6FURihOvVNK6%2BarovFEXak5Veu6YTQhhahVu5gYc%2BVY7r0mh%2BjpUMbsS0C7QqBw%2B8wj2AQOT4EfqjO7cha0JtL%2FDbFntyAxwWRZvtVKDVxKiPCq7DRCJj590NNSdrcqhSoAZX1YKRz%2F3TL%2F3y%2BOx8BhNg6pO%2F%2Bw6bSRwW%2FduOkqCDdPLMs0I4HY23SVUXYoB891bQE3OL3imAmc%2BrQjEUDfkLIyuldBS3f8m8e6nLmzUhNzs2VE%2B%2Bisqs3JAEppg%3D%3D&nvMid=42616990623&catId=50001519
해외호주직구) 아이폰15 프로 맥스 IPHONE 15 PRO MAX,"2,058,700원",https://cr.shopping.naver.com/adcr.nhn?x=hlJubotXrrLlG4ytOlOLXP%2F%2F%2Fw%3D%3Ds53NjJrIYhSNL41fe8b1iKu8sCTbcLhv9rRf6QXGwgL4TxFccNvW9DGninDJdIXMkizU3HBtHkWQwByLWX6I1n5zg6iCRTec6ElWE9S0G6nwaJcytE9rEAstSF8ID9OUmrhNan7Iazvi%2BM4kzJwzX8ES%2BortKzfQDWBF5GV%2FKfqEhJv3ljJo79VVIpj6%2Fm3WOtOXLahUDomjUb2wRO8knDCfbVDHx40400aNdUWjNjmbL%2Fowdnq7%2Fmfq67OVRzok0S5SJNLgIdS1XFCtZ5GETGMux46iIoUoZPh4mF2hnYtPNm3qOsUP7t8H2ZkBuU96CymYwErwcOPjJtpq8DgRnmaHfRPaYJ5W1PmVxYzZX92puCX7qfKw3uLKVJPL7EEChutoZeDry5xQ3jsDdykG7H0ZZL1nJkgkiMXSFsJ2JR5wdMvgv9qu2cELdyFXWMsqVmtgMnLkwKgYTymrGR8zvmQIcatvT3YOPovFiKqxfLqU0rXuV5IV5KVyQsjusjmE9KYTOF5KsHq%2BigGAc1pAeZ7CZn1v8C4Ch2VaHKI8x8wBDEPmf9DSbYT5%2Frcb4rNvhjs9yYF%2BHdiN7mCK3i8qnQ82OqH9l6YII5ugOGfB4CYY%3D&nvMid=86757877354&catId=50000250
Apple 정품 아이폰 15 Plus 자급제 그린 128GB A3094,"1,350,000원",https://cr.shopping.naver.com/adcr.nhn?x=McDT%2BC5EvBlo0ZWQY1937v%2F%2F%2Fw%3D%3DsSYlVwwZn323%2FSS696P6hP70C50oYaMK4Iq%2F5KXtmRkCCKGgUbZcPwfOGUacqnAzpXecN2llhCJ5thDP6MLNo3ZcfumGM5zmhDx%2BDUGuUhZXRpVc2xRiUHPPCDor35C84%2B2VVKvyF6Z8tcbuWr4qjK%2BPYFsKOGABFhj5ZzjFkFAeKjyp0s01e9YG50wI1msUPEwqUwHQnjk7XQnP2PMg87%2F2DySLp2i%2FS8ssC7VoGlocwI3eoS2UxzMUWzjAbYTjj0vKRAUqkb8Dvm7Yk9UblQHFARKrtuOjMDIdZ1ZyH4GMg%2B5Qu1f7Jwurkfb%2BPHSpKPQNwG4dmLiqpHG74TvkyJpM2uZiJhIBE4espilLlptsQhkkHXK4%2FmSRy5icYE%2F27BW36r4QZshREfg%2B3vq7RNjRlC7ZlBX6M62fLi2ig%2B4WswzOwDYz%2F8g2%2FEftKomTpAQwqmClfiWCkqaF8gIC85tUYusO46TDoa5xV5Ese5vHXdwMZv%2BsjaOq%2FaIlKn6P2CVVX1mE97ufPBddNjZheXppoYLmfPc507Xq1TYEST4s1jDgeagX4uQUexV74s%2Fs8L%2BlJoi6ojfxNayQri2UtXlDwrli0xCCjHgxEMi4BLo92H0IgbUxI9oB9M0o2WqdGa1jS8Ua1hwiaLnWMxworxq6Zlyia8Sq%2B7XcJ4W%2BNBEqvLKFyLF%2B62DkaSr8nqN7386euOFlqYxGW3xtmz76xsQ1QmAmnoJRdq4K9btjkCM0%3D&nvMid=43044604421&catId=50001519
아이폰 13 256GB [자급제],"1,094,700원",https://cr.shopping.naver.com/adcr.nhn?x=bjatFyprwLbPWZNNQj%2Bmbv%2F%2F%2Fw%3D%3Ds8l0qk7Hdu6Yac6uUHnFqk7pQ1Q4D7%2BVlwz0a5mnNpLwTxFccNvW9DGninDJdIXMkRH5Uq12joxifXJDkPxUcaJzg6iCRTec6ElWE9S0G6nwaJcytE9rEAstSF8ID9OUmrhNan7Iazvi%2BM4kzJwzX8N9%2BKy%2Fm0d%2BgYWHtEf61Jo5CNclKwvLyA%2Fys%2F%2FHPPajLymj3I0Ayg2aYacGIsBoPOmNmcbgLr0lu2cCLGgyX7c9vsepmwRk8o%2FCB4DgHhnjVM0t8UNbQEU7DHCFdyEGupfziKuqi6lvlwe2gIVAf2UAlXTdy6Sn%2F2yromYu89VyUEB6o%2BUQJy%2FnGykPjElZyhWMD0ile8q7QWprtWQnYbVRXfqiCwBtPYYwEdSt6i2JAd%2FDEuCS2Zrll9y4OS8eJPW%2BSivtm6ryIrke9VsSBx%2FIEc05LTibBt%2FawtKKLwCqnaAlobvnzLQdM2LFJqdgxXA385erTrEUuUwLA0NA5uM8tyoSE6KxzK06m1%2BHQP34C%2BbC1Cf8uCBK%2FXkYZ3DAXh8fRwlNPRtm62by9mTVGeyASzxwVRNV%2FYRemZK5z1sCEzjSpfD6cVjmiXpdViuHcB4ltBtEQLexz7iEIASRVlQtoaKZHilHbuauHUigNM5KA&nvMid=29029192591&catId=50001519
아이폰 13 미니 256GB [자급제],"942,850원",https://cr.shopping.naver.com/adcr.nhn?x=X7qsk0mji8K%2FzcVyvY9O7f%2F%2F%2Fw%3D%3DsyuN1t2X9WwSJs1Z8tpdVEMlgtitpVlP0qKOeJIbo%2FFTO%2FDWlTF6nNgNIx5PjVlWaj0qr5%2F5b4Jm3UnUmWwfJwuKFeMIIR1EZpgyXfJ4PqjDEYsaxtu%2FjZ3maIhY0dqBtuKT%2B52uQ6qmnKNwzObMvNMv%2BjB2erv%2BZ%2Brrs5VHOiTQgGE7%2BZatKjf5hEf1XctkKH44md2DnHUZj1xMBh7dKLJbkCnZt3PKDnGtnPfTpWXUcKlvnI%2BcrXh44xDZyoRd2x45VNCv1jD%2FPWzyiAezHZt9%2BKy%2Fm0d%2BgYWHtEf61Jo4AUk0tbEb%2BPaAR8Zvsauh4iWd1YUKl4HuV7Ox5%2FUGmoezJ5f7eZ4IZp6QsZ%2F2kPAwMbh6%2FL4zXePrhRg6eFPIZ4fn7ivGCZf8PeW0rSoGCAtwRQyT5iDRlXdtlKXilPLKk5Veu6YTQhhahVu5gYc%2BVXidWWlmU6nrd6uznt5Dut8bbTrOhMmQpEkp4UEtzKmSE4FQdvRmo7oxOSvwywmch9%2BgAumolLVJz5BfuR21BUOLnz4Ca2BfD49zohM6Cm%2BCIDf9TYDOC4LzgCehLsur5NNhGJia%2BI5cGR4sdzZHmWeQRnkvjeBRRbC2ny4vd1h7ke%2FVP%2BgM94BPZkP5YJ%2Bex&nvMid=29030437590&catId=50001519
아이폰 15 256GB [ 자급제 ],"1,344,000원",https://cr.shopping.naver.com/adcr.nhn?x=%2BCgimkZwsqiPl12ddn%2B4%2Ff%2F%2F%2Fw%3D%3Ds%2B1MQ7RiNYBxJKJbnnxvpJ7PG73LpnGoCyCpKYjyiRAQTxFccNvW9DGninDJdIXMk7%2B77lnHfdl5yuHRsUpWLwpzg6iCRTec6ElWE9S0G6nwaJcytE9rEAstSF8ID9OUmrhNan7Iazvi%2BM4kzJwzX8N9%2BKy%2Fm0d%2BgYWHtEf61Jo5CNclKwvLyA%2Fys%2F%2FHPPajL07vKkseKwmTTQnGQxxaMm2NmcbgLr0lu2cCLGgyX7c9vsepmwRk8o%2FCB4DgHhnjVM0t8UNbQEU7DHCFdyEGupfziKuqi6lvlwe2gIVAf2UAlXTdy6Sn%2F2yromYu89VyUDVdckpS1fVxO5tbzHG2%2Bc3lGaNcPMyVahcBpuVyYhNRXfqiCwBtPYYwEdSt6i2JAhrJWuMloJMJ9%2FgnH6VIfgno4fUgbds3nrXQDx2QXEYYEc05LTibBt%2FawtKKLwCqnK2wZ9fipzbwmQtO5d%2Bmf5EYC72uBaR0Z2Y4XR8e2r67yNHyBUXwWVD2ki0TxnNzyRv8bcFP%2FOpgt7NCh88mSHC1XsSJLkDG9HEdXoEyl83JicchwRNwmJ84TyxvjggzFZHmZRVAibJcYzMl3xZDaqZAH3pKU7WxKZx2mntYvWKPke%2FVP%2BgM94BPZkP5YJ%2Bex&nvMid=42616882619&catId=50001519
아이폰 15 프로 맥스 1TB [ 자급제 ],"2,375,000원",https://cr.shopping.naver.com/adcr.nhn?x=B9p7ALigphiICTiG7XHe6f%2F%2F%2Fw%3D%3Dsdp%2F6agn8mrjTDypPw%2FSTJzaKmEylvyDR7NerjAmbgZGCKGgUbZcPwfOGUacqnAzpQbVT2bC%2Bfn93W7I0dMpDFzmUssrfm2o4uXLKlheEg13RpVc2xRiUHPPCDor35C84%2B2VVKvyF6Z8tcbuWr4qjK4ZnlrSZr8PDPdBCvs8uWtdeJxHcKH4rYUhc5SxvGs%2FQrvqAWRHqNfhYImQgC2YXfSJO7jbxAC%2FhHJnJbE9pD225SET%2FmTh%2Bwr3iKnDGr9FRR7Nj%2Fi7NzWqlUCdCRdJLVaS9FI7cK8IzH6Dg6%2FmGWJIHs%2F2PHkpmvWjL2qy1nHubQ49Dq7SrzDDaCwnPk9nd0c4f0YNtFGhGzg5rBs4SlMdkIptLkhleORsoGb3BUK6Q5dVr3NAMAb6PVe0oCJA5sSVXUMD9jTg36P03KB43lKBKsaK6szvgRo5X5XC1HnWy2sR2TF0UQfBK%2FIJXVrCm92DUvoTgi%2FQXXXKL%2FgFFTXlGYWqvAvfcx5FuqFLRdSh1uwP9L0j7YvHB2OKNn2rLcP3ArrfBDyEao1VZZtuARFNPfOC8XEqQ4xYbhskPThmNEaThcwm2jOjlPe7qD4n46%2BeRL4NnFER%2BB%2FyXzc8gbM3ZgZLxZVv6BO7DEyLQKu5bxyAhEKTy%2B0Zvtn8oYxIR0Q%3D%3D&nvMid=42617321619&catId=50001519
아이폰 15 512GB [ 자급제 ],"1,632,000원",https://cr.shopping.naver.com/adcr.nhn?x=Del1SYzLpIAjOwio7aKntP%2F%2F%2Fw%3D%3Ds5SASPSQ85%2FyGqCaATxuK1Ybt8xXdyblAOZamXEbfiXcTxFccNvW9DGninDJdIXMke4Q4QL6xQNraqlWc3c4nzJzg6iCRTec6ElWE9S0G6nwaJcytE9rEAstSF8ID9OUmrhNan7Iazvi%2BM4kzJwzX8N9%2BKy%2Fm0d%2BgYWHtEf61Jo5CNclKwvLyA%2Fys%2F%2FHPPajLWXB%2B5%2FsMkcL7tLSkQcKoZmNmcbgLr0lu2cCLGgyX7c9vsepmwRk8o%2FCB4DgHhnjVM0t8UNbQEU7DHCFdyEGupfziKuqi6lvlwe2gIVAf2UAlXTdy6Sn%2F2yromYu89VyUyL%2BQjYW9%2FmxjwaBVMyc2Sh1L%2FhMkUFdLOIEvv4ZAZt1XfqiCwBtPYYwEdSt6i2JA2YtNr1omGrbcJeP4FRoN7yn%2BC7Slo8xWuLqsiA7jQEsEc05LTibBt%2FawtKKLwCqneXpSNdnHVcn87DzwKzqXnUYC72uBaR0Z2Y4XR8e2r67yNHyBUXwWVD2ki0TxnNzyWIEqVnczImzTi6%2BX1XtdWmpnWenU8%2F4tV8g2vK5cTuRicchwRNwmJ84TyxvjggzFHS1BGoqfygfq7t5%2BDHF23nPRKBHNc1Nh0euKZ55lG%2FXke%2FVP%2BgM94BPZkP5YJ%2Bex&nvMid=42616588623&catId=50001519
해외아이폰15 플러스 미국 직구 미국판 iPhone 15 Plus,"1,300,000원",https://cr.shopping.naver.com/adcr.nhn?x=M4qEoBocqN5rCkmfFtokWP%2F%2F%2Fw%3D%3DsAW9NHJeNwU6x%2BLWhUGdZmQTcHvh6V53%2Fl7t7TQjREpATxFccNvW9DGninDJdIXMknQrGDJCYebWCMPNmpU7NwZzg6iCRTec6ElWE9S0G6nwaJcytE9rEAstSF8ID9OUmrhNan7Iazvi%2BM4kzJwzX8ES%2BortKzfQDWBF5GV%2FKfqEhJv3ljJo79VVIpj6%2Fm3WO%2FuydZM5p%2F9iYue6MMP6KDifbVDHx40400aNdUWjNjmbL%2Fowdnq7%2Fmfq67OVRzok0S5SJNLgIdS1XFCtZ5GETGCeZwXd%2Fom7yIzt3tnjYsOHMtuYADrnFwtFGVpK38Fs82HvQrG1q57G6KIPveES%2FyMNoYSC15D%2FFvl4ejczoNvJdclEu%2FXcLQJ9T8PADaXtdUBQeCkbBztR1ahsJCvIEFoJ5zCUNvUfQF8h6yFFmg7lfrWqkzJEAjfL%2BX8u4Hhjphbvknv9x5Nz9cguJm7uY%2BaWRfrjtl2OPD36vkxy%2Bn5pUke6ga0u09iAFa2WwndI2PNRouOLVBR9bkVCm5wEj0LjSSHFYI9vo2j73tmbDCG67P8u43s4TEczLXH1di2j17BNWzwrjvFfn9Jw0EqfTWVaFndIwdNwuWmKtx1HNSCrUkiyUGZ3FpPHvE7X48%2Bhb&nvMid=86762333310&catId=50001519
Apple 정품 아이폰 15 자급제 블루 128GB A3090,"1,250,000원",https://cr.shopping.naver.com/adcr.nhn?x=U01jm7C%2FhfWfshMcH6bKzv%2F%2F%2Fw%3D%3DsB1V3S26OYjQFfblPiEpzCnIh2boC78a6cmigl7%2FhEIkTxFccNvW9DGninDJdIXMkIsq0%2FDjUc%2BayAz%2FD2hR7tZzg6iCRTec6ElWE9S0G6nwaJcytE9rEAstSF8ID9OUmrhNan7Iazvi%2BM4kzJwzX8BzWbUP4hsfkDiMh%2FeiprrdhOluJ1tWQQiXRTgst1zfMhcRIhrlDKDYPL5nTSuf9QhKIOPNYqkOTFSmVAZu0FYPh0Mr04Fx%2FaLEam0y2%2FK6kgXRpiUxecugXVaLGMvc6xLGk2aTpxoEJXjRIgrzaBZot9kP3BRrFwbWuIURYrhzo0gMgcVAHyiEUzfFQRwHl56S9FI7cK8IzH6Dg6%2FmGWJIHs%2F2PHkpmvWjL2qy1nHubbx9NDIn914xpOURbQp8HD6%2BTcH4Y2dsEJjRfOLffxBRdrU9gBvTOY8XVxGgpGxxdk%2BLoaGO8hE5t4nuF9d%2Bx%2BnFsq0whz40s3XBAcaNoY5lvMUdRUTKFIa8SPKgq2eNKG0Wj%2Bstxu2cEpUexLgfmL6CJPWE2E162mOnqE30Ve66AjJ0KP%2FLIURRxoyCoeTeZXZ76KJZClTaLoisbxYrSENrsgBaHI0XmrGX8xJ99C9Byqm8KxmhEd5gsEtPhJH44jwYpjw2cDrbWY3K8FHJWfe%2Bu21djijxjKvchWhTN6raE1LjYIWRNZo%2BWbryDd%2BmeaGimR4pR27mrh1IoDTOSgA%3D%3D&nvMid=43045113839&catId=50001519
